"LOCATION","INDICATOR","SUBJECT","MEASURE","FREQUENCY","TIME","Value","Flag Codes"
"TUR","M1","TOT","IDX2010","M","1992-06",0.06428535,
"TUR","M1","TOT","IDX2010","M","1992-07",0.06680655,
"TUR","M1","TOT","IDX2010","M","1992-08",0.06914815,
"TUR","M1","TOT","IDX2010","M","1992-09",0.0729182,
"TUR","M1","TOT","IDX2010","M","1992-10",0.07689486,
"TUR","M1","TOT","IDX2010","M","1992-11",0.08233015,
"TUR","M1","TOT","IDX2010","M","1992-12",0.08794507,
"TUR","M1","TOT","IDX2010","M","1993-01",0.09335715,
"TUR","M1","TOT","IDX2010","M","1993-02",0.09845393,
"TUR","M1","TOT","IDX2010","M","1993-03",0.1050505,
"TUR","M1","TOT","IDX2010","M","1993-04",0.1081227,
"TUR","M1","TOT","IDX2010","M","1993-05",0.1175953,
"TUR","M1","TOT","IDX2010","M","1993-06",0.1243591,
"TUR","M1","TOT","IDX2010","M","1993-07",0.1215915,
"TUR","M1","TOT","IDX2010","M","1993-08",0.1257577,
"TUR","M1","TOT","IDX2010","M","1993-09",0.1300028,
"TUR","M1","TOT","IDX2010","M","1993-10",0.1356167,
"TUR","M1","TOT","IDX2010","M","1993-11",0.14153,
"TUR","M1","TOT","IDX2010","M","1993-12",0.1466766,
"TUR","M1","TOT","IDX2010","M","1994-01",0.1506095,
"TUR","M1","TOT","IDX2010","M","1994-02",0.1511412,
"TUR","M1","TOT","IDX2010","M","1994-03",0.1467513,
"TUR","M1","TOT","IDX2010","M","1994-04",0.1548207,
"TUR","M1","TOT","IDX2010","M","1994-05",0.1826873,
"TUR","M1","TOT","IDX2010","M","1994-06",0.1983272,
"TUR","M1","TOT","IDX2010","M","1994-07",0.2099259,
"TUR","M1","TOT","IDX2010","M","1994-08",0.2315941,
"TUR","M1","TOT","IDX2010","M","1994-09",0.2451498,
"TUR","M1","TOT","IDX2010","M","1994-10",0.2556015,
"TUR","M1","TOT","IDX2010","M","1994-11",0.2647822,
"TUR","M1","TOT","IDX2010","M","1994-12",0.2681586,
"TUR","M1","TOT","IDX2010","M","1995-01",0.2768017,
"TUR","M1","TOT","IDX2010","M","1995-02",0.3046034,
"TUR","M1","TOT","IDX2010","M","1995-03",0.3208315,
"TUR","M1","TOT","IDX2010","M","1995-04",0.3384664,
"TUR","M1","TOT","IDX2010","M","1995-05",0.3717545,
"TUR","M1","TOT","IDX2010","M","1995-06",0.3939934,
"TUR","M1","TOT","IDX2010","M","1995-07",0.4180438,
"TUR","M1","TOT","IDX2010","M","1995-08",0.4333236,
"TUR","M1","TOT","IDX2010","M","1995-09",0.4459316,
"TUR","M1","TOT","IDX2010","M","1995-10",0.466597,
"TUR","M1","TOT","IDX2010","M","1995-11",0.478828,
"TUR","M1","TOT","IDX2010","M","1995-12",0.4681993,
"TUR","M1","TOT","IDX2010","M","1996-01",0.4800714,
"TUR","M1","TOT","IDX2010","M","1996-02",0.5323017,
"TUR","M1","TOT","IDX2010","M","1996-03",0.5617366,
"TUR","M1","TOT","IDX2010","M","1996-04",0.6156716,
"TUR","M1","TOT","IDX2010","M","1996-05",0.6481591,
"TUR","M1","TOT","IDX2010","M","1996-06",0.6415555,
"TUR","M1","TOT","IDX2010","M","1996-07",0.667399,
"TUR","M1","TOT","IDX2010","M","1996-08",0.7077261,
"TUR","M1","TOT","IDX2010","M","1996-09",0.7631689,
"TUR","M1","TOT","IDX2010","M","1996-10",0.8083317,
"TUR","M1","TOT","IDX2010","M","1996-11",0.8844156,
"TUR","M1","TOT","IDX2010","M","1996-12",0.9976155,
"TUR","M1","TOT","IDX2010","M","1997-01",1.096997,
"TUR","M1","TOT","IDX2010","M","1997-02",1.182048,
"TUR","M1","TOT","IDX2010","M","1997-03",1.280201,
"TUR","M1","TOT","IDX2010","M","1997-04",1.358625,
"TUR","M1","TOT","IDX2010","M","1997-05",1.384974,
"TUR","M1","TOT","IDX2010","M","1997-06",1.40993,
"TUR","M1","TOT","IDX2010","M","1997-07",1.418335,
"TUR","M1","TOT","IDX2010","M","1997-08",1.390034,
"TUR","M1","TOT","IDX2010","M","1997-09",1.458868,
"TUR","M1","TOT","IDX2010","M","1997-10",1.60631,
"TUR","M1","TOT","IDX2010","M","1997-11",1.638962,
"TUR","M1","TOT","IDX2010","M","1997-12",1.733823,
"TUR","M1","TOT","IDX2010","M","1998-01",1.968391,
"TUR","M1","TOT","IDX2010","M","1998-02",1.991919,
"TUR","M1","TOT","IDX2010","M","1998-03",1.987872,
"TUR","M1","TOT","IDX2010","M","1998-04",2.121341,
"TUR","M1","TOT","IDX2010","M","1998-05",2.186144,
"TUR","M1","TOT","IDX2010","M","1998-06",2.329307,
"TUR","M1","TOT","IDX2010","M","1998-07",2.567532,
"TUR","M1","TOT","IDX2010","M","1998-08",2.721984,
"TUR","M1","TOT","IDX2010","M","1998-09",2.862144,
"TUR","M1","TOT","IDX2010","M","1998-10",2.951957,
"TUR","M1","TOT","IDX2010","M","1998-11",2.974545,
"TUR","M1","TOT","IDX2010","M","1998-12",3.006397,
"TUR","M1","TOT","IDX2010","M","1999-01",3.141168,
"TUR","M1","TOT","IDX2010","M","1999-02",3.214484,
"TUR","M1","TOT","IDX2010","M","1999-03",3.584064,
"TUR","M1","TOT","IDX2010","M","1999-04",3.742786,
"TUR","M1","TOT","IDX2010","M","1999-05",3.524514,
"TUR","M1","TOT","IDX2010","M","1999-06",3.643867,
"TUR","M1","TOT","IDX2010","M","1999-07",3.748049,
"TUR","M1","TOT","IDX2010","M","1999-08",4.004656,
"TUR","M1","TOT","IDX2010","M","1999-09",4.2404,
"TUR","M1","TOT","IDX2010","M","1999-10",4.343685,
"TUR","M1","TOT","IDX2010","M","1999-11",4.467598,
"TUR","M1","TOT","IDX2010","M","1999-12",5.021299,
"TUR","M1","TOT","IDX2010","M","2000-01",5.894132,
"TUR","M1","TOT","IDX2010","M","2000-02",6.257369,
"TUR","M1","TOT","IDX2010","M","2000-03",6.328056,
"TUR","M1","TOT","IDX2010","M","2000-04",6.498438,
"TUR","M1","TOT","IDX2010","M","2000-05",6.950172,
"TUR","M1","TOT","IDX2010","M","2000-06",7.310826,
"TUR","M1","TOT","IDX2010","M","2000-07",7.696634,
"TUR","M1","TOT","IDX2010","M","2000-08",7.96929,
"TUR","M1","TOT","IDX2010","M","2000-09",8.020978,
"TUR","M1","TOT","IDX2010","M","2000-10",8.365701,
"TUR","M1","TOT","IDX2010","M","2000-11",8.631449,
"TUR","M1","TOT","IDX2010","M","2000-12",8.856974,
"TUR","M1","TOT","IDX2010","M","2001-01",9.102716,
"TUR","M1","TOT","IDX2010","M","2001-02",10.00366,
"TUR","M1","TOT","IDX2010","M","2001-03",10.77424,
"TUR","M1","TOT","IDX2010","M","2001-04",11.06387,
"TUR","M1","TOT","IDX2010","M","2001-05",11.62178,
"TUR","M1","TOT","IDX2010","M","2001-06",12.06964,
"TUR","M1","TOT","IDX2010","M","2001-07",12.44194,
"TUR","M1","TOT","IDX2010","M","2001-08",12.94803,
"TUR","M1","TOT","IDX2010","M","2001-09",13.10986,
"TUR","M1","TOT","IDX2010","M","2001-10",13.02833,
"TUR","M1","TOT","IDX2010","M","2001-11",13.19513,
"TUR","M1","TOT","IDX2010","M","2001-12",13.48804,
"TUR","M1","TOT","IDX2010","M","2002-01",13.87218,
"TUR","M1","TOT","IDX2010","M","2002-02",14.90787,
"TUR","M1","TOT","IDX2010","M","2002-03",15.22365,
"TUR","M1","TOT","IDX2010","M","2002-04",14.8805,
"TUR","M1","TOT","IDX2010","M","2002-05",15.47758,
"TUR","M1","TOT","IDX2010","M","2002-06",16.02934,
"TUR","M1","TOT","IDX2010","M","2002-07",16.48552,
"TUR","M1","TOT","IDX2010","M","2002-08",16.75585,
"TUR","M1","TOT","IDX2010","M","2002-09",17.37843,
"TUR","M1","TOT","IDX2010","M","2002-10",18.31587,
"TUR","M1","TOT","IDX2010","M","2002-11",18.91708,
"TUR","M1","TOT","IDX2010","M","2002-12",19.22287,
"TUR","M1","TOT","IDX2010","M","2003-01",19.49206,
"TUR","M1","TOT","IDX2010","M","2003-02",19.81253,
"TUR","M1","TOT","IDX2010","M","2003-03",19.9841,
"TUR","M1","TOT","IDX2010","M","2003-04",19.97449,
"TUR","M1","TOT","IDX2010","M","2003-05",20.09681,
"TUR","M1","TOT","IDX2010","M","2003-06",21.22314,
"TUR","M1","TOT","IDX2010","M","2003-07",22.50395,
"TUR","M1","TOT","IDX2010","M","2003-08",23.06637,
"TUR","M1","TOT","IDX2010","M","2003-09",24.13056,
"TUR","M1","TOT","IDX2010","M","2003-10",25.59487,
"TUR","M1","TOT","IDX2010","M","2003-11",26.95823,
"TUR","M1","TOT","IDX2010","M","2003-12",27.94435,
"TUR","M1","TOT","IDX2010","M","2004-01",30.36655,
"TUR","M1","TOT","IDX2010","M","2004-02",30.94914,
"TUR","M1","TOT","IDX2010","M","2004-03",30.07431,
"TUR","M1","TOT","IDX2010","M","2004-04",31.45382,
"TUR","M1","TOT","IDX2010","M","2004-05",32.33878,
"TUR","M1","TOT","IDX2010","M","2004-06",32.61805,
"TUR","M1","TOT","IDX2010","M","2004-07",32.90953,
"TUR","M1","TOT","IDX2010","M","2004-08",34.08751,
"TUR","M1","TOT","IDX2010","M","2004-09",34.96507,
"TUR","M1","TOT","IDX2010","M","2004-10",35.07753,
"TUR","M1","TOT","IDX2010","M","2004-11",35.40837,
"TUR","M1","TOT","IDX2010","M","2004-12",35.45994,
"TUR","M1","TOT","IDX2010","M","2005-01",35.9229,
"TUR","M1","TOT","IDX2010","M","2005-02",37.16319,
"TUR","M1","TOT","IDX2010","M","2005-03",38.68299,
"TUR","M1","TOT","IDX2010","M","2005-04",40.16473,
"TUR","M1","TOT","IDX2010","M","2005-05",40.97123,
"TUR","M1","TOT","IDX2010","M","2005-06",41.68172,
"TUR","M1","TOT","IDX2010","M","2005-07",42.87539,
"TUR","M1","TOT","IDX2010","M","2005-08",43.95375,
"TUR","M1","TOT","IDX2010","M","2005-09",45.11081,
"TUR","M1","TOT","IDX2010","M","2005-10",47.4871,
"TUR","M1","TOT","IDX2010","M","2005-11",48.3925,
"TUR","M1","TOT","IDX2010","M","2005-12",49.74916,
"TUR","M1","TOT","IDX2010","M","2006-01",52.01389,
"TUR","M1","TOT","IDX2010","M","2006-02",52.14031,
"TUR","M1","TOT","IDX2010","M","2006-03",52.47642,
"TUR","M1","TOT","IDX2010","M","2006-04",53.02528,
"TUR","M1","TOT","IDX2010","M","2006-05",57.98223,
"TUR","M1","TOT","IDX2010","M","2006-06",61.28053,
"TUR","M1","TOT","IDX2010","M","2006-07",58.65648,
"TUR","M1","TOT","IDX2010","M","2006-08",57.99984,
"TUR","M1","TOT","IDX2010","M","2006-09",58.43769,
"TUR","M1","TOT","IDX2010","M","2006-10",58.41433,
"TUR","M1","TOT","IDX2010","M","2006-11",58.24118,
"TUR","M1","TOT","IDX2010","M","2006-12",59.09494,
"TUR","M1","TOT","IDX2010","M","2007-01",59.54337,
"TUR","M1","TOT","IDX2010","M","2007-02",59.06969,
"TUR","M1","TOT","IDX2010","M","2007-03",58.74749,
"TUR","M1","TOT","IDX2010","M","2007-04",58.9942,
"TUR","M1","TOT","IDX2010","M","2007-05",60.0181,
"TUR","M1","TOT","IDX2010","M","2007-06",60.62762,
"TUR","M1","TOT","IDX2010","M","2007-07",61.73418,
"TUR","M1","TOT","IDX2010","M","2007-08",62.9994,
"TUR","M1","TOT","IDX2010","M","2007-09",62.30378,
"TUR","M1","TOT","IDX2010","M","2007-10",61.59008,
"TUR","M1","TOT","IDX2010","M","2007-11",63.01495,
"TUR","M1","TOT","IDX2010","M","2007-12",64.03269,
"TUR","M1","TOT","IDX2010","M","2008-01",64.87749,
"TUR","M1","TOT","IDX2010","M","2008-02",66.24491,
"TUR","M1","TOT","IDX2010","M","2008-03",68.2479,
"TUR","M1","TOT","IDX2010","M","2008-04",69.96207,
"TUR","M1","TOT","IDX2010","M","2008-05",69.79923,
"TUR","M1","TOT","IDX2010","M","2008-06",69.54837,
"TUR","M1","TOT","IDX2010","M","2008-07",70.21999,
"TUR","M1","TOT","IDX2010","M","2008-08",69.95692,
"TUR","M1","TOT","IDX2010","M","2008-09",71.64056,
"TUR","M1","TOT","IDX2010","M","2008-10",74.09857,
"TUR","M1","TOT","IDX2010","M","2008-11",73.8287,
"TUR","M1","TOT","IDX2010","M","2008-12",72.66344,
"TUR","M1","TOT","IDX2010","M","2009-01",72.88264,
"TUR","M1","TOT","IDX2010","M","2009-02",76.31331,
"TUR","M1","TOT","IDX2010","M","2009-03",78.31217,
"TUR","M1","TOT","IDX2010","M","2009-04",77.83634,
"TUR","M1","TOT","IDX2010","M","2009-05",78.65823,
"TUR","M1","TOT","IDX2010","M","2009-06",79.15849,
"TUR","M1","TOT","IDX2010","M","2009-07",79.52721,
"TUR","M1","TOT","IDX2010","M","2009-08",80.56467,
"TUR","M1","TOT","IDX2010","M","2009-09",82.76588,
"TUR","M1","TOT","IDX2010","M","2009-10",85.13492,
"TUR","M1","TOT","IDX2010","M","2009-11",89.48237,
"TUR","M1","TOT","IDX2010","M","2009-12",91.816,
"TUR","M1","TOT","IDX2010","M","2010-01",91.40368,
"TUR","M1","TOT","IDX2010","M","2010-02",94.02367,
"TUR","M1","TOT","IDX2010","M","2010-03",95.20166,
"TUR","M1","TOT","IDX2010","M","2010-04",95.28101,
"TUR","M1","TOT","IDX2010","M","2010-05",96.31741,
"TUR","M1","TOT","IDX2010","M","2010-06",98.62749,
"TUR","M1","TOT","IDX2010","M","2010-07",100.534,
"TUR","M1","TOT","IDX2010","M","2010-08",101.7097,
"TUR","M1","TOT","IDX2010","M","2010-09",103.1364,
"TUR","M1","TOT","IDX2010","M","2010-10",105.1738,
"TUR","M1","TOT","IDX2010","M","2010-11",107.5738,
"TUR","M1","TOT","IDX2010","M","2010-12",111.0174,
"TUR","M1","TOT","IDX2010","M","2011-01",114.6473,
"TUR","M1","TOT","IDX2010","M","2011-02",116.7503,
"TUR","M1","TOT","IDX2010","M","2011-03",118.6394,
"TUR","M1","TOT","IDX2010","M","2011-04",121.0677,
"TUR","M1","TOT","IDX2010","M","2011-05",123.5693,
"TUR","M1","TOT","IDX2010","M","2011-06",125.5929,
"TUR","M1","TOT","IDX2010","M","2011-07",128.3833,
"TUR","M1","TOT","IDX2010","M","2011-08",134.6873,
"TUR","M1","TOT","IDX2010","M","2011-09",135.8661,
"TUR","M1","TOT","IDX2010","M","2011-10",133.8085,
"TUR","M1","TOT","IDX2010","M","2011-11",135.3159,
"TUR","M1","TOT","IDX2010","M","2011-12",135.3699,
"TUR","M1","TOT","IDX2010","M","2012-01",134.6824,
"TUR","M1","TOT","IDX2010","M","2012-02",134.4113,
"TUR","M1","TOT","IDX2010","M","2012-03",134.429,
"TUR","M1","TOT","IDX2010","M","2012-04",135.8972,
"TUR","M1","TOT","IDX2010","M","2012-05",138.2298,
"TUR","M1","TOT","IDX2010","M","2012-06",140.4813,
"TUR","M1","TOT","IDX2010","M","2012-07",141.0636,
"TUR","M1","TOT","IDX2010","M","2012-08",141.2873,
"TUR","M1","TOT","IDX2010","M","2012-09",144.0167,
"TUR","M1","TOT","IDX2010","M","2012-10",146.7221,
"TUR","M1","TOT","IDX2010","M","2012-11",147.8475,
"TUR","M1","TOT","IDX2010","M","2012-12",149.358,
"TUR","M1","TOT","IDX2010","M","2013-01",152.3188,
"TUR","M1","TOT","IDX2010","M","2013-02",155.5647,
"TUR","M1","TOT","IDX2010","M","2013-03",159.6541,
"TUR","M1","TOT","IDX2010","M","2013-04",162.3468,
"TUR","M1","TOT","IDX2010","M","2013-05",166.7027,
"TUR","M1","TOT","IDX2010","M","2013-06",172.5549,
"TUR","M1","TOT","IDX2010","M","2013-07",176.2217,
"TUR","M1","TOT","IDX2010","M","2013-08",180.1482,
"TUR","M1","TOT","IDX2010","M","2013-09",182.0307,
"TUR","M1","TOT","IDX2010","M","2013-10",183.3479,
"TUR","M1","TOT","IDX2010","M","2013-11",186.93,
"TUR","M1","TOT","IDX2010","M","2013-12",190.7672,
"TUR","M1","TOT","IDX2010","M","2014-01",195.4386,
"EA19","M1","TOT","IDX2010","M","1992-06",23.98398,
"EA19","M1","TOT","IDX2010","M","1992-07",23.95594,
"EA19","M1","TOT","IDX2010","M","1992-08",24.03075,
"EA19","M1","TOT","IDX2010","M","1992-09",24.20537,
"EA19","M1","TOT","IDX2010","M","1992-10",24.36568,
"EA19","M1","TOT","IDX2010","M","1992-11",24.54922,
"EA19","M1","TOT","IDX2010","M","1992-12",24.69844,
"EA19","M1","TOT","IDX2010","M","1993-01",24.6468,
"EA19","M1","TOT","IDX2010","M","1993-02",24.61376,
"EA19","M1","TOT","IDX2010","M","1993-03",24.74919,
"EA19","M1","TOT","IDX2010","M","1993-04",24.86336,
"EA19","M1","TOT","IDX2010","M","1993-05",24.93034,
"EA19","M1","TOT","IDX2010","M","1993-06",25.08189,
"EA19","M1","TOT","IDX2010","M","1993-07",25.19445,
"EA19","M1","TOT","IDX2010","M","1993-08",25.28793,
"EA19","M1","TOT","IDX2010","M","1993-09",25.42252,
"EA19","M1","TOT","IDX2010","M","1993-10",25.64734,
"EA19","M1","TOT","IDX2010","M","1993-11",25.97734,
"EA19","M1","TOT","IDX2010","M","1993-12",26.21684,
"EA19","M1","TOT","IDX2010","M","1994-01",26.44835,
"EA19","M1","TOT","IDX2010","M","1994-02",26.70785,
"EA19","M1","TOT","IDX2010","M","1994-03",26.98524,
"EA19","M1","TOT","IDX2010","M","1994-04",27.12331,
"EA19","M1","TOT","IDX2010","M","1994-05",27.0256,
"EA19","M1","TOT","IDX2010","M","1994-06",27.07801,
"EA19","M1","TOT","IDX2010","M","1994-07",27.19782,
"EA19","M1","TOT","IDX2010","M","1994-08",27.28868,
"EA19","M1","TOT","IDX2010","M","1994-09",27.37548,
"EA19","M1","TOT","IDX2010","M","1994-10",27.45723,
"EA19","M1","TOT","IDX2010","M","1994-11",27.48841,
"EA19","M1","TOT","IDX2010","M","1994-12",27.4548,
"EA19","M1","TOT","IDX2010","M","1995-01",27.41512,
"EA19","M1","TOT","IDX2010","M","1995-02",27.48176,
"EA19","M1","TOT","IDX2010","M","1995-03",27.59102,
"EA19","M1","TOT","IDX2010","M","1995-04",27.58623,
"EA19","M1","TOT","IDX2010","M","1995-05",27.67757,
"EA19","M1","TOT","IDX2010","M","1995-06",27.8053,
"EA19","M1","TOT","IDX2010","M","1995-07",27.88472,
"EA19","M1","TOT","IDX2010","M","1995-08",27.98143,
"EA19","M1","TOT","IDX2010","M","1995-09",28.17615,
"EA19","M1","TOT","IDX2010","M","1995-10",28.29309,
"EA19","M1","TOT","IDX2010","M","1995-11",28.3582,
"EA19","M1","TOT","IDX2010","M","1995-12",28.77685,
"EA19","M1","TOT","IDX2010","M","1996-01",29.01545,
"EA19","M1","TOT","IDX2010","M","1996-02",28.93705,
"EA19","M1","TOT","IDX2010","M","1996-03",29.0125,
"EA19","M1","TOT","IDX2010","M","1996-04",29.1907,
"EA19","M1","TOT","IDX2010","M","1996-05",29.37968,
"EA19","M1","TOT","IDX2010","M","1996-06",29.51245,
"EA19","M1","TOT","IDX2010","M","1996-07",29.6464,
"EA19","M1","TOT","IDX2010","M","1996-08",29.86647,
"EA19","M1","TOT","IDX2010","M","1996-09",30.13628,
"EA19","M1","TOT","IDX2010","M","1996-10",30.41588,
"EA19","M1","TOT","IDX2010","M","1996-11",30.7076,
"EA19","M1","TOT","IDX2010","M","1996-12",31.14834,
"EA19","M1","TOT","IDX2010","M","1997-01",31.39457,
"EA19","M1","TOT","IDX2010","M","1997-02",31.42654,
"EA19","M1","TOT","IDX2010","M","1997-03",31.5139,
"EA19","M1","TOT","IDX2010","M","1997-04",31.5112,
"EA19","M1","TOT","IDX2010","M","1997-05",31.72257,
"EA19","M1","TOT","IDX2010","M","1997-06",32.12764,
"EA19","M1","TOT","IDX2010","M","1997-07",32.4462,
"EA19","M1","TOT","IDX2010","M","1997-08",32.67791,
"EA19","M1","TOT","IDX2010","M","1997-09",32.87106,
"EA19","M1","TOT","IDX2010","M","1997-10",33.19031,
"EA19","M1","TOT","IDX2010","M","1997-11",33.43673,
"EA19","M1","TOT","IDX2010","M","1997-12",33.60683,
"EA19","M1","TOT","IDX2010","M","1998-01",33.84357,
"EA19","M1","TOT","IDX2010","M","1998-02",34.07332,
"EA19","M1","TOT","IDX2010","M","1998-03",34.42369,
"EA19","M1","TOT","IDX2010","M","1998-04",34.83324,
"EA19","M1","TOT","IDX2010","M","1998-05",35.12949,
"EA19","M1","TOT","IDX2010","M","1998-06",35.47555,
"EA19","M1","TOT","IDX2010","M","1998-07",35.65867,
"EA19","M1","TOT","IDX2010","M","1998-08",35.69506,
"EA19","M1","TOT","IDX2010","M","1998-09",35.87795,
"EA19","M1","TOT","IDX2010","M","1998-10",36.10749,
"EA19","M1","TOT","IDX2010","M","1998-11",36.48504,
"EA19","M1","TOT","IDX2010","M","1998-12",37.03155,
"EA19","M1","TOT","IDX2010","M","1999-01",38.16187,
"EA19","M1","TOT","IDX2010","M","1999-02",38.75322,
"EA19","M1","TOT","IDX2010","M","1999-03",38.7435,
"EA19","M1","TOT","IDX2010","M","1999-04",39.09586,
"EA19","M1","TOT","IDX2010","M","1999-05",39.4227,
"EA19","M1","TOT","IDX2010","M","1999-06",39.83759,
"EA19","M1","TOT","IDX2010","M","1999-07",40.32667,
"EA19","M1","TOT","IDX2010","M","1999-08",40.54995,
"EA19","M1","TOT","IDX2010","M","1999-09",40.58078,
"EA19","M1","TOT","IDX2010","M","1999-10",40.78627,
"EA19","M1","TOT","IDX2010","M","1999-11",41.06926,
"EA19","M1","TOT","IDX2010","M","1999-12",41.32917,
"EA19","M1","TOT","IDX2010","M","2000-01",42.15271,
"EA19","M1","TOT","IDX2010","M","2000-02",42.86397,
"EA19","M1","TOT","IDX2010","M","2000-03",43.01661,
"EA19","M1","TOT","IDX2010","M","2000-04",43.37188,
"EA19","M1","TOT","IDX2010","M","2000-05",43.40423,
"EA19","M1","TOT","IDX2010","M","2000-06",43.16895,
"EA19","M1","TOT","IDX2010","M","2000-07",43.2471,
"EA19","M1","TOT","IDX2010","M","2000-08",43.48307,
"EA19","M1","TOT","IDX2010","M","2000-09",43.5089,
"EA19","M1","TOT","IDX2010","M","2000-10",43.49262,
"EA19","M1","TOT","IDX2010","M","2000-11",43.52377,
"EA19","M1","TOT","IDX2010","M","2000-12",43.56802,
"EA19","M1","TOT","IDX2010","M","2001-01",44.41429,
"EA19","M1","TOT","IDX2010","M","2001-02",45.29337,
"EA19","M1","TOT","IDX2010","M","2001-03",45.40415,
"EA19","M1","TOT","IDX2010","M","2001-04",45.60655,
"EA19","M1","TOT","IDX2010","M","2001-05",45.98041,
"EA19","M1","TOT","IDX2010","M","2001-06",46.35096,
"EA19","M1","TOT","IDX2010","M","2001-07",46.52467,
"EA19","M1","TOT","IDX2010","M","2001-08",46.65725,
"EA19","M1","TOT","IDX2010","M","2001-09",47.0158,
"EA19","M1","TOT","IDX2010","M","2001-10",47.3329,
"EA19","M1","TOT","IDX2010","M","2001-11",47.62493,
"EA19","M1","TOT","IDX2010","M","2001-12",47.84648,
"EA19","M1","TOT","IDX2010","M","2002-01",48.17631,
"EA19","M1","TOT","IDX2010","M","2002-02",48.46411,
"EA19","M1","TOT","IDX2010","M","2002-03",48.37552,
"EA19","M1","TOT","IDX2010","M","2002-04",48.64307,
"EA19","M1","TOT","IDX2010","M","2002-05",49.19064,
"EA19","M1","TOT","IDX2010","M","2002-06",49.53513,
"EA19","M1","TOT","IDX2010","M","2002-07",49.87602,
"EA19","M1","TOT","IDX2010","M","2002-08",50.26094,
"EA19","M1","TOT","IDX2010","M","2002-09",50.76221,
"EA19","M1","TOT","IDX2010","M","2002-10",51.28067,
"EA19","M1","TOT","IDX2010","M","2002-11",51.79407,
"EA19","M1","TOT","IDX2010","M","2002-12",52.36625,
"EA19","M1","TOT","IDX2010","M","2003-01",52.77074,
"EA19","M1","TOT","IDX2010","M","2003-02",53.16687,
"EA19","M1","TOT","IDX2010","M","2003-03",53.68685,
"EA19","M1","TOT","IDX2010","M","2003-04",54.25433,
"EA19","M1","TOT","IDX2010","M","2003-05",54.74343,
"EA19","M1","TOT","IDX2010","M","2003-06",55.04864,
"EA19","M1","TOT","IDX2010","M","2003-07",55.35843,
"EA19","M1","TOT","IDX2010","M","2003-08",55.88484,
"EA19","M1","TOT","IDX2010","M","2003-09",56.38338,
"EA19","M1","TOT","IDX2010","M","2003-10",56.84136,
"EA19","M1","TOT","IDX2010","M","2003-11",57.27751,
"EA19","M1","TOT","IDX2010","M","2003-12",57.60481,
"EA19","M1","TOT","IDX2010","M","2004-01",58.05453,
"EA19","M1","TOT","IDX2010","M","2004-02",58.51064,
"EA19","M1","TOT","IDX2010","M","2004-03",59.12405,
"EA19","M1","TOT","IDX2010","M","2004-04",59.66764,
"EA19","M1","TOT","IDX2010","M","2004-05",59.80914,
"EA19","M1","TOT","IDX2010","M","2004-06",60.04566,
"EA19","M1","TOT","IDX2010","M","2004-07",60.50856,
"EA19","M1","TOT","IDX2010","M","2004-08",60.93562,
"EA19","M1","TOT","IDX2010","M","2004-09",61.46324,
"EA19","M1","TOT","IDX2010","M","2004-10",62.02033,
"EA19","M1","TOT","IDX2010","M","2004-11",62.50608,
"EA19","M1","TOT","IDX2010","M","2004-12",62.68278,
"EA19","M1","TOT","IDX2010","M","2005-01",63.259,
"EA19","M1","TOT","IDX2010","M","2005-02",64.2085,
"EA19","M1","TOT","IDX2010","M","2005-03",64.68111,
"EA19","M1","TOT","IDX2010","M","2005-04",65.02052,
"EA19","M1","TOT","IDX2010","M","2005-05",65.50085,
"EA19","M1","TOT","IDX2010","M","2005-06",68.02912,
"EA19","M1","TOT","IDX2010","M","2005-07",70.69855,
"EA19","M1","TOT","IDX2010","M","2005-08",71.40264,
"EA19","M1","TOT","IDX2010","M","2005-09",71.79672,
"EA19","M1","TOT","IDX2010","M","2005-10",72.30898,
"EA19","M1","TOT","IDX2010","M","2005-11",72.85094,
"EA19","M1","TOT","IDX2010","M","2005-12",73.40022,
"EA19","M1","TOT","IDX2010","M","2006-01",74.01407,
"EA19","M1","TOT","IDX2010","M","2006-02",74.55083,
"EA19","M1","TOT","IDX2010","M","2006-03",75.00636,
"EA19","M1","TOT","IDX2010","M","2006-04",75.58829,
"EA19","M1","TOT","IDX2010","M","2006-05",76.28357,
"EA19","M1","TOT","IDX2010","M","2006-06",76.62312,
"EA19","M1","TOT","IDX2010","M","2006-07",76.6317,
"EA19","M1","TOT","IDX2010","M","2006-08",76.74159,
"EA19","M1","TOT","IDX2010","M","2006-09",77.09966,
"EA19","M1","TOT","IDX2010","M","2006-10",77.34509,
"EA19","M1","TOT","IDX2010","M","2006-11",77.68481,
"EA19","M1","TOT","IDX2010","M","2006-12",78.84289,
"EA19","M1","TOT","IDX2010","M","2007-01",79.67982,
"EA19","M1","TOT","IDX2010","M","2007-02",79.9219,
"EA19","M1","TOT","IDX2010","M","2007-03",80.47432,
"EA19","M1","TOT","IDX2010","M","2007-04",80.77096,
"EA19","M1","TOT","IDX2010","M","2007-05",81.06934,
"EA19","M1","TOT","IDX2010","M","2007-06",81.55901,
"EA19","M1","TOT","IDX2010","M","2007-07",82.03972,
"EA19","M1","TOT","IDX2010","M","2007-08",82.18539,
"EA19","M1","TOT","IDX2010","M","2007-09",82.30947,
"EA19","M1","TOT","IDX2010","M","2007-10",82.54807,
"EA19","M1","TOT","IDX2010","M","2007-11",82.72794,
"EA19","M1","TOT","IDX2010","M","2007-12",82.85064,
"EA19","M1","TOT","IDX2010","M","2008-01",82.92692,
"EA19","M1","TOT","IDX2010","M","2008-02",82.95743,
"EA19","M1","TOT","IDX2010","M","2008-03",83.04108,
"EA19","M1","TOT","IDX2010","M","2008-04",83.02673,
"EA19","M1","TOT","IDX2010","M","2008-05",82.94035,
"EA19","M1","TOT","IDX2010","M","2008-06",83.14603,
"EA19","M1","TOT","IDX2010","M","2008-07",82.86255,
"EA19","M1","TOT","IDX2010","M","2008-08",82.47297,
"EA19","M1","TOT","IDX2010","M","2008-09",83.06293,
"EA19","M1","TOT","IDX2010","M","2008-10",84.66315,
"EA19","M1","TOT","IDX2010","M","2008-11",85.57481,
"EA19","M1","TOT","IDX2010","M","2008-12",85.77071,
"EA19","M1","TOT","IDX2010","M","2009-01",87.08936,
"EA19","M1","TOT","IDX2010","M","2009-02",88.61129,
"EA19","M1","TOT","IDX2010","M","2009-03",89.24678,
"EA19","M1","TOT","IDX2010","M","2009-04",89.91353,
"EA19","M1","TOT","IDX2010","M","2009-05",90.55128,
"EA19","M1","TOT","IDX2010","M","2009-06",91.27214,
"EA19","M1","TOT","IDX2010","M","2009-07",92.33842,
"EA19","M1","TOT","IDX2010","M","2009-08",93.27842,
"EA19","M1","TOT","IDX2010","M","2009-09",94.25706,
"EA19","M1","TOT","IDX2010","M","2009-10",95.30753,
"EA19","M1","TOT","IDX2010","M","2009-11",96.05846,
"EA19","M1","TOT","IDX2010","M","2009-12",96.662,
"EA19","M1","TOT","IDX2010","M","2010-01",97.54897,
"EA19","M1","TOT","IDX2010","M","2010-02",98.31366,
"EA19","M1","TOT","IDX2010","M","2010-03",98.63911,
"EA19","M1","TOT","IDX2010","M","2010-04",99.23502,
"EA19","M1","TOT","IDX2010","M","2010-05",99.97299,
"EA19","M1","TOT","IDX2010","M","2010-06",100.4933,
"EA19","M1","TOT","IDX2010","M","2010-07",100.7884,
"EA19","M1","TOT","IDX2010","M","2010-08",100.9891,
"EA19","M1","TOT","IDX2010","M","2010-09",100.9876,
"EA19","M1","TOT","IDX2010","M","2010-10",100.8263,
"EA19","M1","TOT","IDX2010","M","2010-11",100.9576,
"EA19","M1","TOT","IDX2010","M","2010-12",101.248,
"EA19","M1","TOT","IDX2010","M","2011-01",101.465,
"EA19","M1","TOT","IDX2010","M","2011-02",101.4914,
"EA19","M1","TOT","IDX2010","M","2011-03",101.6778,
"EA19","M1","TOT","IDX2010","M","2011-04",101.7034,
"EA19","M1","TOT","IDX2010","M","2011-05",101.4663,
"EA19","M1","TOT","IDX2010","M","2011-06",101.6489,
"EA19","M1","TOT","IDX2010","M","2011-07",101.9684,
"EA19","M1","TOT","IDX2010","M","2011-08",102.4359,
"EA19","M1","TOT","IDX2010","M","2011-09",102.8938,
"EA19","M1","TOT","IDX2010","M","2011-10",102.8473,
"EA19","M1","TOT","IDX2010","M","2011-11",103.0727,
"EA19","M1","TOT","IDX2010","M","2011-12",103.4961,
"EA19","M1","TOT","IDX2010","M","2012-01",103.7507,
"EA19","M1","TOT","IDX2010","M","2012-02",104.0126,
"EA19","M1","TOT","IDX2010","M","2012-03",104.3917,
"EA19","M1","TOT","IDX2010","M","2012-04",104.2829,
"EA19","M1","TOT","IDX2010","M","2012-05",104.4968,
"EA19","M1","TOT","IDX2010","M","2012-06",105.4526,
"EA19","M1","TOT","IDX2010","M","2012-07",106.4347,
"EA19","M1","TOT","IDX2010","M","2012-08",107.5349,
"EA19","M1","TOT","IDX2010","M","2012-09",108.1583,
"EA19","M1","TOT","IDX2010","M","2012-10",108.848,
"EA19","M1","TOT","IDX2010","M","2012-11",109.7129,
"EA19","M1","TOT","IDX2010","M","2012-12",109.9425,
"EA19","M1","TOT","IDX2010","M","2013-01",109.9458,
"EA19","M1","TOT","IDX2010","M","2013-02",110.441,
"EA19","M1","TOT","IDX2010","M","2013-03",111.2357,
"EA19","M1","TOT","IDX2010","M","2013-04",111.9644,
"EA19","M1","TOT","IDX2010","M","2013-05",112.6621,
"EA19","M1","TOT","IDX2010","M","2013-06",113.0374,
"EA19","M1","TOT","IDX2010","M","2013-07",113.3991,
"EA19","M1","TOT","IDX2010","M","2013-08",114.171,
"EA19","M1","TOT","IDX2010","M","2013-09",114.7283,
"EA19","M1","TOT","IDX2010","M","2013-10",115.3526,
"EA19","M1","TOT","IDX2010","M","2013-11",116.1904,
"EA19","M1","TOT","IDX2010","M","2013-12",116.3057,
"EA19","M1","TOT","IDX2010","M","2014-01",116.4739,
